2000,BARANGAROO,$66.00,Chullora
2000,DAWES POINT,$66.00,Chullora
2000,HAYMARKET,$66.00,Chullora
2000,MILLERS POINT,$66.00,Chullora
2000,SYDNEY,$66.00,Chullora
2000,THE ROCKS,$66.00,Chullora
2001,SYDNEY,$66.00,Chullora
2002,WORLD SQUARE,$66.00,Chullora
2004,EASTERN SUBURBS MC,$66.00,Chullora
2006,THE UNIVERSITY OF SYDNEY,$66.00,Chullora
2007,BROADWAY,$66.00,Chullora
2007,ULTIMO,$66.00,Chullora
2008,CHIPPENDALE,$66.00, Chullora
2008,DARLINGTON (SYDNEY),$66.00,Chullora
2008,GOLDEN GROVE,$66.00,Chullora
2009,PYRMONT,$55.00,Chullora
2010,CENTRAL STATION,$66.00,Chullora
2010,DARLINGHURST,$66.00,Chullora
2010,SURRY HILLS,$66.00,Chullora
2010,TAYLOR SQUARE ,$66.00,Chullora
2011,ELIZABETH BAY ,$66.00,Chullora
2011,POTTS POINT,$66.00,Chullora
2011,RUSHCUTTERS BAY ,$66.00,Chullora
2011,WOOLLOOMOOLOO,$77.00,Chullora
2012,FOX STUDIOS,$88.00,Chullora
2012,STRAWBERRY HILLS,$77.00,Chullora
2015,ALEXANDRIA,$66.00,Chullora
2015,BEACONSFIELD ,$77.00,Chullora
2015,EVELEIGH,$77.00,Chullora
2016,REDFERN,$66.00,Chullora
2017,WATERLOO ,$66.00,Chullora
2017,ZETLAND,$77.00,Chullora
2018,EASTLAKES,$88.00,Chullora
2018,ROSEBERY (SYDNEY),$88.00,Chullora
2019,BANKSMEADOW,$88.00,Chullora
2019,BOTANY,$88.00,Chullora
2020,MASCOT,$77.00,Chullora
2020,SYDNEY DOMESTIC AIRPORT,$77.00,Chullora
2020,SYDNEY INTERNATIONAL AIRPORT,$77.00,Chullora
2021,CENTENNIAL PARK ,$77.00,Chullora
2021,MOORE PARK ,$77.00,Chullora
2021,PADDINGTON,$77.00,Chullora
2022,BONDI JUNCTION,$99.00,Chullora
2022,QUEENS PARK ,$88.00,Chullora
2023,BELLEVUE HILL,$88.00,Chullora
2024,BRONTE,$99.00,Chullora
2024,CHARING CROSS ,$99.00,Chullora
2024,WAVERLEY ,$99.00,Chullora
2025,WOOLLAHRA,$88.00,Chullora
2026,BEN BUCKLER,$99.00,Chullora
2026,BONDI,$99.00,Chullora
2026,BONDI BEACH,$99.00,Chullora
2026,NORTH BONDI,$99.00,Chullora
2026,TAMARAMA,$99.00,Chullora
2027,BRADLEYS HEAD,$88.00,Chullora
2027,DARLING POINT,$88.00,Chullora
2027,EDGECLIFF,$88.00,Chullora
2027,POINT PIPER,$88.00,Chullora
2028,DOUBLE BAY,$88.00,Chullora
2029,ROSE BAY ,$88.00,Chullora
2030,DOVER HTS,$99.00,Chullora
2030,ROSE BAY NORTH,$99.00,Chullora
2030,VAUCLUSE,$99.00,Chullora
2030,WATSONS BAY ,$99.00,Chullora
2031,CLOVELLY,$99.00,Chullora
2031,CLOVELLY WEST,$99.00,Chullora
2031,RANDWICK ,$88.00,Chullora
2031,ST PAULS,$88.00,Chullora
2032,DACEYVILLE,$88.00,Chullora
2032,KINGSFORD,$88.00,Chullora
2033,KENSINGTON,$88.00,Chullora
2034,COOGEE,$99.00,Chullora
2034,SOUTH COOGEE,$99.00,Chullora
2035,MAROUBRA,$88.00,Chullora
2035,MAROUBRA SOUTH,$88.00,Chullora
2035,PAGEWOOD,$88.00,Chullora
2036,CHIFLEY (NSW),$99.00,Chullora
2036,EASTGARDENS,$99.00,Chullora
2036,HILLSDALE,$99.00,Chullora
2036,LA PEROUSE,$99.00,Chullora
2036,LITTLE BAY,$99.00,Chullora
2036,LONG BAY ,$99.00,Chullora
2036,MALABAR,$99.00,Chullora
2036,MATRAVILLE,$99.00,Chullora
2036,PHILLIP BAY ,$99.00,Chullora
2036,PORT BOTANY,$99.00,Chullora
2037,FOREST LODGE,$55.00,Chullora
2037,GLEBE,$55.00,Chullora
2038,ANNANDALE ,$55.00,Chullora
2039,ROZELLE,$55.00,Chullora
2040,LEICHHARDT,$49.50,Chullora
2040,LILYFIELD,$49.50,Chullora
2041,BALMAIN,$55.00,Chullora
2041,BALMAIN EAST,$55.00,Chullora
2041,BIRCHGROVE,$55.00,Chullora
2042,ENMORE,$66.00,Chullora
2042,NEWTOWN ,$66.00,Chullora
2043,ERSKINEVILLE,$66.00,Chullora
2044,ST PETERS ,$66.00,Chullora
2044,SYDENHAM,$66.00,Chullora
2044,TEMPE ,$66.00,Chullora
2045,HABERFIELD,$44.00,Chullora
2046,ABBOTSFORD,$44.00,Chullora
2046,CANADA BAY ,$44.00,Chullora
2046,CHISWICK,$55.00,Chullora
2046,FIVE DOCK,$49.50,Chullora
2046,PULPIT POINT,$49.50,Chullora
2046,RUSSELL LEA,$49.50,Chullora
2046,WAREEMBA,$49.50,Chullora
2047,BIRKENHEAD POINT,$55.00,Chullora
2047,DRUMMOYNE,$55.00,Chullora
2048,STANMORE,$55.00,Chullora
2048,WESTGATE,$55.00,Chullora
2049,LEWISHAM,$55.00,Chullora
2049,PETERSHAM,$55.00,Chullora
2049,PETERSHAM NORTH,$55.00,Chullora
2049,TAVERNERS HILL,$55.00,Chullora
2050,CAMPERDOWN,$55.00,Chullora
2050,MISSENDEN ROAD,$55.00,Chullora
2052,UNIVERSITY OF NSW ,$55.00,Chullora
2057,CHATSWOOD,$55.00,Chullora
2059,NORTH SYDNEY,$66.00,Chullora
2060,LAVENDER BAY ,$66.00,Chullora
2060,MCMAHONS POINT,$66.00,Chullora
2060,NORTH SYDNEY ,$66.00,Chullora
2060,WAVERTON,$66.00,Chullora
2061,KIRRIBILLI,$70.00,Chullora
2061,MILSONS POINT,$70.00,Chullora
2062,CAMMERAY,$66.00,Chullora
2063,NORTHBRIDGE,$66.00,Chullora
2064,ARTARMON,$55.00,Chullora
2065,CROWS NEST,$55.00,Chullora
2065,GREENWICH ,$55.00,Chullora
2065,NAREMBURN,$55.00,Chullora
2065,ROYAL NORTH SHORE HOSPITAL,$55.00,Chullora
2065,ST LEONARDS,$55.00,Chullora
2065,WOLLSTONECRAFT,$55.00,Chullora
2066,LANE COVE,$55.00,Chullora
2066,LANE COVE NORTH,$55.00,Chullora
2066,LANE COVE WEST,$55.00,Chullora
2066,LINLEY POINT,$49.50,Chullora
2066,LONGUEVILLE,$55.00,Chullora
2066,NORTHWOOD (SYDNEY),$44.00,Chullora
2066,OSBORNE PARK ,$55.00,Chullora
2066,RIVERVIEW,$55.00,Chullora
2067,CHATSWOOD,$55.00,Chullora
2067,CHATSWOOD WEST,$55.00,Chullora
2068,CASTLECRAG,$66.00,Chullora
2068,MIDDLE COVE,$66.00,Chullora
2068,NORTH WILLOUGHBY,$66.00,Chullora
2068,WILLOUGHBY ,$66.00,Chullora
2068,WILLOUGHBY EAST,$66.00,Chullora
2068,WILLOUGHBY NORTH,$66.00,Chullora
2069,CASTLE COVE,$66.00,Chullora 
2069,ROSEVILLE ,$66.00,Chullora
2069,ROSEVILLE CHASE,$66.00,Chullora
2070,EAST LINDFIELD,$66.00,Chullora
2070,LINDFIELD,$66.00,Chullora
2070,LINDFIELD WEST,$66.00,Chullora
2071,EAST KILLARA,$66.00,Chullora
2071,KILLARA,$66.00,Chullora
2072,GORDON (SYDNEY),$55.00,Chullora
2073,PYMBLE,$55.00,Chullora
2073,WEST PYMBLE,$55.00,Chullora
2074,NORTH TURRAMURRA,$77.00,Chullora
2074,SOUTH TURRAMURRA,$77.00,Chullora
2074,TURRAMURRA,$77.00,Chullora
2074,WARRAWEE,$66.00,Chullora
2075,ST IVES,$77.00,Chullora
2075,ST IVES CHASE,$77.00,Chullora
2076,NORMANHURST,$66.00,Chullora
2076,NORTH WAHROONGA,$77.00,Chullora
2076,WAHROONGA,$77.00,Chullora
2077,ASQUITH,$88.00,Chullora
2077,HOOKHAMS CORNER,$88.00,Chullora
2077,HORNSBY,$88.00,Chullora
2077,HORNSBY HEIGHTS,$88.00,Chullora
2077,WAITARA,$88.00,Chullora
2079,MOUNT COLAH,$99.00,Chullora
2080,MOUNT KU-RING-GAI,$99.00,Chullora
2081,BEROWRA,$99.00,Chullora
2081,COWAN,$99.00,Chullora
2082,BEROWRA CREEK,$99.00,Chullora
2082,BEROWRA HEIGHTS,$99.00,Chullora
2082,BEROWRA WATERS,$99.00,Chullora
2083,BAR POINT,$150.00,Chullora
2083,BROOKLYN ,$150.00,Chullora
2083,CHEERO POINT,$150.00,Chullora
2083,COGRA BAY ,$150.00,Chullora
2083,DANGAR ISLAND,$150.00,Chullora
2083,MILSONS PASSAGE,$150.00,Chullora
2083,MOONEY MOONEY,$150.00,Chullora
2084,COTTAGE POINT,$77.00,Chullora
2084,DUFFYS FOREST ,$77.00,Chullora
2084,KU-RING-GAI CHASE,$77.00,Chullora
2084,TERREY HILLS,$88.00,Chullora
2085,BELROSE,$88.00,Chullora
2085,BELROSE WEST,$88.00,Chullora
2085,DAVIDSON,$88.00,Chullora
2085,WAKEHURST,$77.00,Chullora
2086,FRENCHS FOREST ,$88.00,Chullora
2086,SORLIE,$88.00,Chullora
2087,BANTRY BAY ,$88.00,Chullora
2087,FORESTVILLE ,$88.00,Chullora
2087,KILLARNEY HTS,$88.00,Chullora
2088,BALMORAL BEACH (SYDNEY),$88.00,Chullora
2088,CLIFTON GARDENS ,$88.00,Chullora
2088,GEORGES HTS,$88.00,Chullora
2088,MOSMAN,$88.00,Chullora
2088,MOSMANS BAY ,$88.00,Chullora
2088,SPIT JUNCTION,$88.00,Chullora
2088,TARONGA PARK ,$88.00,Chullora
2088,THE SPIT (SYDNEY),$88.00,Chullora
2089,KURRABA POINT,$66.00,Chullora
2089,NEUTRAL BAY ,$66.00,Chullora
2089,NEUTRAL BAY JUNCTION,$66.00,Chullora
2090,CREMORNE,$66.00,Chullora
2090,CREMORNE JUNCTION,$66.00,Chullora
2090,CREMORNE POINT,$66.00,Chullora
2091,MIDDLE HEAD,$88.00,Chullora
2092,SEAFORTH,$88.00,Chullora
2093,BALGOWLAH,$88.00,Chullora
2093,BALGOWLAH HEIGHTS,$88.00,Chullora
2093,CLONTARF,$88.00,Chullora
2093,MANLY VALE,$88.00,Chullora
2093,NORTH BALGOWLAH,$88.00,Chullora
2094,FAIRLIGHT,$88.00,Chullora
2095,DOBROYD HEAD,$88.00,Chullora
2095,LITTLE MANLY,$88.00,Chullora
2095,MANLY,$99.00,Chullora
2095,MANLY EAST,$99.00,Chullora
2095,NORTH HEAD,$99.00,Chullora
2095,STEYNE ,$99.00,Chullora
2096,CURL CURL,$99.00,Chullora
2096,FRESHWATER,$99.00,Chullora
2096,HARBORD,$88.00,Chullora
2096,QUEENSCLIFF,$99.00,Chullora
2097,COLLAROY,$99.00,Chullora
2097,COLLAROY BEACH,$99.00,Chullora
2097,COLLAROY PLATEAU,$99.00,Chullora
2097,LONG REEF,$88.00,Chullora
2097,WHEELER HEIGHTS,$88.00,Chullora
2099,CROMER,$99.00,Chullora
2099,DEE WHY,$99.00,Chullora
2099,NARRAWEENA,$99.00,Chullora
2099,NORTH CURL CURL,$99.00,Chullora
2099,WINGALA,$88.00,Chullora
2100,ALLAMBIE,$88.00,Chullora
2100,ALLAMBIE ,$88.00,Chullora
2100,ALLAMBIE HEIGHTS,$88.00,Chullora
2100,BEACON HILL ,$88.00,Chullora
2100,BROOKVALE,$88.00,Chullora
2100,NORTH MANLY,$88.00,Chullora
2100,OXFORD FALLS ,$88.00,Chullora
2100,WARRINGAH MALL,$88.00,Chullora
2101,ELANORA HTS,$99.00,Chullora
2101,INGLESIDE (SYDNEY),$99.00,Chullora
2101,NARRABEEN,$131.00,Chullora
2101,NARRABEEN NORTH,$131.00,Chullora
2102,WARRIEWOOD,$131.00,Chullora
2102,WARRIEWOOD SHOPPING SQUARE,$131.00,Chullora
2103,MONA VALE,$131.00,Chullora
2104,BAYVIEW,$131.00,Chullora
2104,LOQUAT VALLEY ,$131.00,Chullora
2105,CHURCH POINT,$99.00,Chullora
2105,ELVINA BAY,$99.00,Chullora
2105,LOVETT BAY,$99.00,Chullora
2105,MCCARRS CREEK,$88.00,Guildford 
2105,MORNING BAY,$88.00,Guildford 
2106,BUNGAN BEACH ,$154.00,Chullora
2106,NEWPORT ,$154.00,Chullora
2106,NEWPORT BEACH,$154.00,Chullora
2107,AVALON,$137.50,Chullora
2107,BILGOLA,$137.50,Chullora
2107,BILGOLA BEACH,$137.50,Chullora
2107,BILGOLA PLATEAU,$137.50,Chullora
2107,CLAREVILLE,$131.00,Chullora
2107,TAYLORS POINT ,$131.00,Chullora
2107,WHALE BEACH,$131.00,Chullora
2108,COASTERS RETREAT,$131.00,Chullora
2108,CURRAWONG BEACH,$131.00,Chullora
2108,GREAT MACKEREL BEACH,$131.00,Chullora
2108,PALM BEACH,$131.00,Chullora
2109,MACQUARIE UNIVERSITY ,$50.00,Chullora
2110,HUNTERS HILL,$55.00,Chullora
2110,WOOLWICH,$55.00,Chullora
2111,BORONIA PARK ,$49.50,Chullora
2111,GLADESVILLE,$49.50,Chullora
2111,HENLEY ,$49.50,Chullora
2111,HUNTLEYS COVE,$49.50,Chullora
2111,HUNTLEYS POINT,$49.50,Chullora
2111,MONASH PARK,$49.50,Chullora
2111,TENNYSON POINT,$49.50,Chullora
2112,DENISTONE EAST,$49.50,Chullora
2112,PUTNEY,$49.50,Chullora
2112,RYDE,$49.50,Chullora
2113,EAST RYDE,$49.50,Chullora
2113,MACQUARIE CENTRE,$49.50,Chullora
2113,MACQUARIE PARK,$49.50,Chullora
2113,NORTH RYDE,$49.50,Chullora
2114,DENISTONE,$49.50,Chullora
2114,DENISTONE WEST,$49.50,Chullora
2114,MEADOWBANK,$49.50,Chullora
2114,MELROSE PARK ,$49.50,Chullora
2114,WEST RYDE,$49.50,Chullora
2115,ERMINGTON,$55.00,Chullora
2116,RYDALMERE,$55.00,Chullora
2117,DUNDAS ,$55.00,Chullora
2117,DUNDAS VALLEY,$55.00,Chullora
2117,OATLANDS,$55.00,Chullora
2117,TELOPEA,$55.00,Chullora
2118,CARLINGFORD,$55.00,Guildford 
2118,CARLINGFORD COURT,$55.00,Guildford 
2118,CARLINGFORD NORTH,$55.00,Guildford 
2118,KINGSDENE,$55.00,Chullora
2118,MOBBS HILL,$55.00,Chullora
2118,ROSELEA,$66.00,Chullora
2119,BEECROFT,$66.00,Chullora
2119,CHELTENHAM ,$66.00,Chullora
2120,PENNANT HILLS,$66.00,Chullora
2120,THORNLEIGH,$66.00,Chullora
2120,WESTLEIGH,$66.00,Chullora
2121,EPPING,$44.00,Chullora
2121,NORTH EPPING,$44.00,Chullora
2122,BRUSH FARM,$55.00,Chullora
2122,EASTWOOD,$55.00,Chullora
2122,MARSFIELD,$55.00,Chullora
2123,PARRAMATTA,$44.00,Guildford 
2124,PARRAMATTA,$44.00,Guildford 
2125,THOMPSONS CORNER,$55.00,Guildford 
2125,WEST PENNANT HILLS,$55.00,Guildford 
2126,CHERRYBROOK,$55.00,Guildford
2127,NEWINGTON,$44.00,Chullora
2127,SYDNEY OLYMPIC PARK,$44.00,Chullora
2127,WENTWORTH POINT,$44.00,Chullora
2128,SILVERWATER,$38.50,Chullora
2129,SYDNEY MARKETS,$44.00,Chullora
2130,SUMMER HILL,$44.00,Chullora
2131,ASHFIELD,$44.00,Chullora
2132,CROYDON,$44.00,Chullora
2133,CROYDON PARK,$44.00,Chullora
2133,ENFIELD SOUTH,$44.00,Chullora
2134,BURWOOD,$44.00,Chullora
2134,BURWOOD NORTH,$44.00,Chullora
2135,STRATHFIELD,$38.50,Chullora
2136,BURWOOD HEIGHTS,$44.00,Chullora
2136,ENFIELD ,$44.00,Chullora
2136,STRATHFIELD SOUTH,$44.00,Chullora
2137,BREAKFAST POINT,$55.00,Chullora
2137,CABARITA (SYDNEY),$55.00,Chullora
2137,CABARITA JUNCTION,$55.00,Chullora
2137,CONCORD,$55.00,Chullora
2137,MORTLAKE,$55.00,Chullora
2137,NORTH STRATHFIELD,$55.00,Chullora
2138,CONCORD WEST,$44.00,Chullora
2138,LIBERTY GROVE,$44.00,Chullora
2138,RHODES,$44.00,Chullora
2140,FLEMINGTON,$44.00,Chullora
2140,HOMEBUSH,$44.00,Chullora
2140,HOMEBUSH SOUTH,$44.00,Chullora
2140,HOMEBUSH WEST,$44.00,Chullora
2141,BERALA,$44.00,Chullora
2141,LIDCOMBE,$44.00,Chullora
2141,LIDCOMBE NORTH,$44.00,Chullora
2141,ROOKWOOD,$38.50,Chullora
2142,BLAXCELL,$44.00,Guildford 
2142,CAMELLIA,$44.00,Guildford
2142,CLYDE ,$44.00,Guildford
2142,GRANVILLE,$44.00,Guildford 
2142,HOLROYD,$44.00,Guildford 
2142,ROSEHILL,$44.00,Guildford 
2142,SOUTH GRANVILLE,$44.00,Guildford 
2142,THE TRONGATE,$44.00,Guildford 
2143,BIRRONG,$44.00,Guildford 
2143,POTTS HILL,$44.00,Guildford 
2143,REGENTS PARK ,$44.00,Guildford 
2144,AUBURN,$44.00,Guildford
2145,CONSTITUTION HILL,$44.00,Guildford 
2145,GIRRAWEEN,$44.00,Guildford 
2145,GREYSTANES,$44.00,Guildford 
2145,MAYS HILL,$44.00,Guildford 
2145,PEMULWUY,$44.00,Guildford 
2145,PENDLE HILL,$44.00,Guildford 
2145,SOUTH WENTWORTHVILLE,$44.00,Guildford 
2145,WENTWORTHVILLE,$44.00,Guildford 
2145,WESTMEAD,$44.00,Guildford 
2146,OLD TOONGABBIE,$44.00,Guildford 
2146,TOONGABBIE,$44.00,Guildford 
2146,TOONGABBIE EAST,$44.00,Guildford 
2147,KINGS LANGLEY,$66.00,Guildford 
2147,LALOR PARK ,$66.00,Guildford 
2147,SEVEN HILLS,$55.00,Guildford 
2148,ARNDELL PARK ,$55.00,Guildford 
2148,BLACKTOWN ,$55.00,Guildford 
2148,HUNTINGWOOD,$55.00,Guildford 
2148,KINGS PARK ,$55.00,Guildford 
2148,MARAYONG,$55.00,Guildford 
2148,PROSPECT,$55.00,Guildford 
2150,HARRIS PARK,$44.00,Guildford 
2150,PARRAMATTA,$44.00,Guildford 
2150,PARRAMATTA ,$44.00,Guildford 
2151,NORTH PARRAMATTA,$44.00,Guildford 
2151,NORTH ROCKS,$44.00,Guildford 
2152,NORTHMEAD,$55.00,Guildford 
2153,BAULKHAM HILLS,$55.00,Guildford 
2153,BELLA VISTA,$55.00,Guildford
2153,CRESTWOOD,$55.00,Guildford
2153,MODEL FARMS,$55.00,Guildford
2153,WINSTON HILLS ,$55.00,Guildford
2154,CASTLE HILL,$66.00,Guildford
2154,ROGANS HILL,$66.00,Chullora
2155,BEAUMONT HILLS,$77.00,Guildford 
2155,BEAUTY POINT,$77.00,Guildford 
2155,KELLYVILLE,$77.00,Guildford 
2155,KELLYVILLE RIDGE,$77.00,Guildford 
2155,ROUSE HILL,$77.00,Guildford 
2156,ANNANGROVE,$88.00,Guildford
2156,GLENHAVEN,$88.00,Guildford 
2156,KENTHURST,$88.00,Guildford
2157,CANOELANDS,$99.00,Guildford
2157,FOREST GLEN,$99.00,Guildford
2157,GLENORIE,$99.00,Guildford
2158,DURAL,$88.00,Guildford
2158,MIDDLE DURAL,$99.00,Guildford 
2158,ROUND CORNER,$99.00,Guildford 
2159,GALSTON,$88.00,Guildford 
2160,MERRYLANDS,$33.00,Guildford 
2160,MERRYLANDS WEST,$33.00,Guildford 
2161,GUILDFORD ,$33.00,Guildford 
2161,GUILDFORD WEST,$33.00,Guildford 
2161,OLD GUILDFORD,$33.00,Guildford 
2161,YENNORA,$33.00,Guildford 
2162,CHESTER HILL,$44.00,Chullora
2162,SEFTON,$44.00,Chullora
2163,CARRAMAR,$44.00,Chullora
2163,LANSDOWNE (SYDNEY),$44.00,Chullora
2163,LEIGHTONFIELD,$44.00,Guildford 
2163,VILLAWOOD,$44.00,Guildford 
2164,SMITHFIELD ,$44.00,Guildford 
2164,SMITHFIELD WEST,$44.00,Guildford 
2164,WETHERILL PARK ,$44.00,Guildford 
2164,WOODPARK,$44.00,Guildford 
2165,FAIRFIELD ,$33.00,Guildford 
2165,FAIRFIELD EAST,$33.00,Guildford 
2165,FAIRFIELD HEIGHTS,$33.00,Guildford 
2165,FAIRFIELD WEST,$33.00,Guildford 
2166,CABRAMATTA,$44.00,Casula
2166,CABRAMATTA WEST,$44.00,Casula
2166,CABRAVALE,$44.00,Casula
2166,CANLEY HEIGHTS,$44.00,Casula
2166,CANLEY VALE,$44.00,Casula
2166,LANSVALE,$44.00,Casula
2167,GLENFIELD,$44.00,Casula
2168,ASHCROFT,$44.00,Casula
2168,BUSBY,$44.00,Casula
2168,CARTWRIGHT,$44.00,Casula
2168,GREEN VALLEY ,$44.00,Casula
2168,HECKENBERG,$44.00,Casula
2168,HINCHINBROOK,$44.00,Casula
2168,MILLER,$44.00,Casula
2168,SADLEIR,$44.00,Casula
2170,CASULA,$33.00,Casula
2170,CASULA MALL,$33.00,Casula
2170,CHATHAM VILLAGE ,$44.00,Casula
2170,CHIPPING NORTON,$44.00,Casula
2170,HAMMONDVILLE,$44.00,Casula
2170,LIVERPOOL,$44.00,Casula
2170,LURNEA,$44.00,Casula
2170,MOOREBANK,$44.00,Casula
2170,MOUNT PRITCHARD,$44.00,Casula
2170,PRESTONS,$44.00,Casula
2170,WARWICK FARM,$44.00,Casula
2171,CARNES HILL,$55.00,Chullora
2171,CECIL HILLS ,$44.00,Casula
2171,ELIZABETH HILLS,$44.00,Casula
2171,HORNINGSEA PARK ,$44.00,Casula
2171,HOXTON PARK ,$44.00,Casula
2171,LEN WATERS ESTATE,$44.00,Casula
2171,MIDDLETON GRANGE,$44.00,Casula
2171,WALLGROVE,$44.00,Casula
2171,WEST HOXTON,$44.00,Casula
2172,PLEASURE POINT,$44.00,Casula
2172,SANDY POINT ,$44.00,Casula
2172,VOYAGER POINT,$44.00,Casula
2173,ANZAC VILLAGE (HOLSWORTHY),$44.00,Casula
2173,HOLSWORTHY,$44.00,Casula
2173,WATTLE GROVE,$44.00,Casula
2174,EDMONDSON PARK ,$38.50,Casula
2175,HORSLEY PARK ,$55.00,Casula
2176,ABBOTSBURY,$44.00,Casula
2176,BOSSLEY PARK ,$44.00,Casula
2176,EDENSOR PARK ,$44.00,Casula
2176,GREENFIELD PARK ,$44.00,Casula
2176,PRAIRIEWOOD,$44.00,Casula
2176,ST JOHNS PARK ,$44.00,Casula
2176,WAKELEY,$44.00,Casula
2177,BONNYRIGG,$44.00,Casula
2177,BONNYRIGG HEIGHTS,$44.00,Casula
2178,CECIL PARK,$77.00,Casula
2178,KEMPS CREEK,$77.00,Casula
2178,MOUNT VERNON,$77.00,Casula
2179,AUSTRAL,$55.00,Casula
2179,LEPPINGTON,$55.00,Casula
2190,CHULLORA,$44.00,Chullora
2190,DOBROYD POINT (CHULLORA),$44.00,Chullora
2190,GREENACRE,$44.00,Chullora
2190,MOUNT LEWIS,$44.00,Chullora
2191,BELFIELD,$44.00,Chullora
2192,BELMORE,$44.00,Chullora
2193,ASHBURY,$44.00,Chullora
2193,CANTERBURY ,$44.00,Chullora
2193,HURLSTONE PARK ,$44.00,Chullora
2194,CAMPSIE,$44.00,Chullora
2195,LAKEMBA,$44.00,Chullora
2195,WILEY PARK,$44.00,Chullora
2196,MCCALLUMS HILL,$44.00,Chullora
2196,PUNCHBOWL,$44.00,Chullora
2196,ROSELANDS,$44.00,Chullora
2197,BASS HILL,$44.00,Chullora
2198,GEORGES HALL,$44.00,Chullora
2199,YAGOONA,$44.00,Chullora
2200,BANKSTOWN,$44.00,Chullora
2200,BANKSTOWN AERODROME,$44.00,Chullora
2200,BANKSTOWN SQUARE,$44.00,Chullora
2200,CONDELL PARK ,$44.00,Chullora
2200,MANAHAN,$44.00,Chullora
2203,DULWICH HILL,$55.00,Chullora
2204,MARRICKVILLE,$55.00,Chullora
2204,MARRICKVILLE METRO,$55.00,Chullora
2204,MARRICKVILLE SOUTH,$55.00,Chullora
2205,ARNCLIFFE,$55.00,Chullora
2205,TURRELLA,$55.00,Chullora
2205,WOLLI CREEK,$55.00,Chullora
2206,CLEMTON PARK ,$55.00,Chullora
2206,EARLWOOD,$55.00,Chullora
2206,UNDERCLIFFE,$55.00,Chullora
2207,BARDWELL PARK ,$55.00,Chullora
2207,BARDWELL VALLEY,$55.00,Chullora
2207,BEXLEY,$55.00,Chullora
2207,BEXLEY NORTH,$55.00,Chullora
2207,BEXLEY SOUTH,$55.00,Chullora
2208,KINGSGROVE,$55.00,Chullora
2208,KINGSWAY,$44.00,Chullora
2209,BEVERLY HILLS ,$44.00,Chullora
2209,NARWEE,$44.00,Chullora
2210,LUGARNO,$55.00,Chullora
2210,PEAKHURST,$55.00,Chullora
2210,PEAKHURST HEIGHTS,$55.00,Chullora
2210,RIVERWOOD,$44.00,Chullora
2211,PADSTOW,$44.00,Chullora
2211,PADSTOW HEIGHTS,$44.00,Chullora
2212,REVESBY,$44.00,Casula
2212,REVESBY HEIGHTS,$44.00,Casula
2212,REVESBY NORTH,$44.00,Casula
2213,EAST HILLS,$44.00,Casula
2213,PANANIA,$44.00,Casula
2213,PICNIC POINT,$44.00,Casula
2214,MILPERRA,$44.00,Casula
2216,BANKSIA,$55.00,Chullora
2216,BRIGHTON LE SANDS,$77.00,Chullora
2216,KYEEMAGH,$77.00,Chullora
2216,ROCKDALE,$77.00,Chullora
2217,BEVERLEY PARK,$55.00,Chullora
2217,KOGARAH,$55.00,Chullora
2217,KOGARAH BAY,$55.00,Chullora
2217,MONTEREY ,$55.00,Chullora
2217,RAMSGATE,$55.00,Chullora
2217,RAMSGATE BEACH,$55.00,Chullora
2218,ALLAWAH,$55.00,Chullora
2218,CARLTON ,$55.00,Chullora
2219,DOLLS POINT,$77.00,Chullora
2219,SANDRINGHAM ,$77.00,Chullora
2219,SANS SOUCI,$77.00,Chullora
2220,HURSTVILLE,$55.00,Chullora
2220,HURSTVILLE GROVE,$55.00,Chullora
2221,BALD FACE,$77.00,Chullora 
2221,BLAKEHURST,$77.00,Chullora 
2221,CARSS PARK ,$77.00,Chullora 
2221,CONNELLS POINT,$77.00,Chullora 
2221,KYLE BAY ,$77.00,Chullora 
2221,SOUTH HURSTVILLE,$77.00,Chullora 
2221,TOM UGLYS POINT,$77.00,Chullora 
2222,PENSHURST,$55.00,Chullora
2223,MORTDALE,$55.00,Chullora
2223,OATLEY,$55.00,Chullora
2224,KANGAROO POINT,$77.00,Chullora
2224,SYLVANIA ,$77.00,Chullora
2224,SYLVANIA SOUTHGATE,$77.00,Chullora
2224,SYLVANIA WATERS,$77.00,Chullora
2225,CARAVAN HEAD,$88.00,Casula
2225,OYSTER BAY ,$88.00,Casula
2226,BONNET BAY ,$88.00,Casula
2226,COMO ,$88.00,Casula
2226,JANNALI,$88.00,Casula
2226,JANNALI WEST,$88.00,Casula
2227,GYMEA,$88.00,Casula
2227,GYMEA BAY ,$88.00,Casula
2228,MIRANDA,$88.00,Casula
2228,YOWIE BAY ,$88.00,Casula
2229,CARINGBAH,$88.00,Chullora
2229,CARINGBAH SOUTH,$88.00,Chullora
2229,DOLANS BAY,$88.00,Chullora
2229,GUNNAMATTA BAY ,$88.00,Chullora
2229,LILLI PILLI,$88.00,Chullora
2229,PORT HACKING,$88.00,Chullora
2229,TAREN POINT,$88.00,Chullora
2229,WARUMBUL,$88.00,Chullora
2230,BUNDEENA,$88.00,Chullora
2230,BURRANEER,$88.00,Chullora
2230,CRONULLA,$88.00,Chullora
2230,GREENHILLS BEACH,$88.00,Chullora
2230,MAIANBAR,$131.00,Chullora
2230,WOOLOOWARE,$88.00,Chullora
2231,KURNELL,$131.00,Chullora
2231,SHELL POINT,$88.00,Chullora
2232,AUDLEY,$88.00,Casula
2232,GRAYS POINT ,$88.00,Casula
2232,GUNDAMAIAN,$88.00,Casula
2232,KAREELA,$88.00,Casula
2232,KIRRAWEE,$88.00,Casula
2232,LOFTUS,$88.00,Casula
2232,SUTHERLAND,$88.00,Casula
2232,WORONORA,$88.00,Casula
2233,ENGADINE ,$88.00,Casula
2233,HEATHCOTE (SYDNEY),$88.00,Casula
2233,ROYAL NATIONAL PARK ,$88.00,Casula
2233,WATERFALL,$88.00,Casula
2233,WORONORA HEIGHTS,$88.00,Casula
2233,YARRAWARRAH,$88.00,Casula
2234,ALFORDS POINT,$55.00,Casula
2234,BANGOR ,$55.00,Casula
2234,BARDEN RIDGE,$55.00,Casula
2234,ILLAWONG,$55.00,Casula
2234,LUCAS HTS,$55.00,Casula
2234,MENAI,$55.00,Casula
2234,MENAI CENTRAL,$55.00,Casula
2320,MELVILLE (SYDNEY),$88.00,Guildford 
2372,TARBAN,$49.50,Chullora
2380,ORANGE GROVE ,$77.00,Chullora
2469,CHATSWORTH,$77.00,Chullora
2508,HELENSBURGH,$131.00,Casula
2508,LILYVALE,$131.00,Casula
2519,MOUNT PLEASANT (SYDNEY),$131.00,Casula
2555,BADGERYS CREEK,$88.00,Casula
2556,BRINGELLY,$55.00,Casula
2557,CATHERINE FIELD,$49.50,Casula
2557,GLEDSWOOD HILLS,$49.50,Casula
2557,GREGORY HILLS,$49.50,Casula
2557,ROSSMORE,$49.50,Casula
2558,EAGLE VALE,$55.00,Casula
2558,ESCHOL PARK ,$55.00,Casula
2558,KEARNS,$55.00,Casula
2559,BLAIRMOUNT,$55.00,Casula
2559,CLAYMORE,$55.00,Casula
2560,AIRDS,$88.00,Casula
2560,AMBARVALE,$88.00,Casula
2560,APPIN (NSW),$88.00,Casula
2560,BLAIR ATHOL,$88.00,Casula
2560,BRADBURY,$88.00,Casula
2560,CAMPBELLTOWN,$49.50,Casula
2560,CAMPBELLTOWN NORTH,$49.50,Casula
2560,CATARACT,$49.50,Casula
2560,ENGLORIE PARK,$49.50,Casula
2560,GILEAD ,$49.50,Casula
2560,GLEN ALPINE,$49.50,Casula
2560,KENTLYN,$49.50,Casula
2560,LEUMEAH,$49.50,Casula
2560,MACARTHUR SQUARE,$49.50,Casula
2560,RANATE,$49.50,Casula
2560,ROSEMEADOW,$49.50,Casula
2560,RUSE ,$49.50,Casula
2560,SHERWOOD HILLS,$49.50,Casula
2560,ST HELENS PARK ,$49.50,Casula
2560,WEDDERBURN,$49.50,Casula
2560,WOODBINE,$49.50,Casula
2563,GLENLEE,$49.50,Casula
2563,MENANGLE PARK,$49.50,Casula
2564,GLENQUARIE,$49.50,Casula
2564,LONG POINT,$44.00,Casula
2564,MACQUARIE FIELDS,$44.00,Casula
2565,BARDIA,$44.00,Casula
2565,DENHAM COURT ,$44.00,Casula
2565,INGLEBURN,$44.00,Casula
2565,MACQUARIE LINKS,$44.00,Casula
2566,BOW BOWING,$49.50,Casula
2566,MINTO,$49.50,Casula
2566,MINTO HEIGHTS,$49.50,Casula
2566,RABY,$49.50,Casula
2566,ST ANDREWS ,$49.50,Casula
2566,VARROVILLE,$49.50,Casula
2567,CURRANS HILL,$55.00,Casula
2567,HARRINGTON PARK ,$55.00,Casula
2567,KENNY HILL,$55.00,Casula
2567,MOUNT ANNAN,$55.00,Casula
2567,NARELLAN,$55.00,Casula
2567,NARELLAN VALE,$55.00,Casula
2567,SMEATON GRANGE,$55.00,Casula
2568,MENANGLE,$88.00,Casula
2569,DOUGLAS PARK,$88.00,Casula
2570,BELIMBLA PARK ,$88.00,Casua
2570,BICKLEY VALE,$88.00,Casula 
2570,BROWNLOW HILL,$77.00,Chullora
2570,CAMDEN,$77.00,Casula
2570,CAMDEN ,$77.00,Casula
2570,CAMDEN PARK,$77.00,Casula
2570,CAMDEN SOUTH,$77.00,Casula
2570,CAWDOR (SYDNEY),$77.00,Casula
2570,COBBITTY,$77.00,Casula
2570,ELDERSLIE (SYDNEY),$77.00,Casula
2570,ELLIS LANE ,$77.00,Casula
2570,GLENMORE,$77.00,Casula
2570,GRASSMERE,$77.00,Casula
2570,KIRKHAM,$77.00,Casula
2570,LINNS HILL,$55.00,Casula
2570,MOUNT HUNTER,$55.00,Casula
2570,NATTAI,$55.00,Casula
2570,OAKDALE,$55.00,Casula
2570,ORAN PARK ,$55.00,Casula
2570,ORANGEVILLE,$55.00,Casula
2570,SPRING FARM,$55.00,Casula
2570,THE OAKS,$55.00,Casula
2570,THERESA PARK,$55.00,Casula
2570,WEROMBI,$55.00,Casula
2571,BALMORAL (SOUTH COAST),$131.00,Casula
2571,BUXTON,$131.00,Casula
2571,COURIDJAH,$131.00,Casula
2571,MALDON,$131.00,Casula
2571,MOWBRAY PARK,$131.00,Casula
2571,PICTON (NSW),$131.00,Casula
2571,RAZORBACK,$131.00,Casula
2571,WILTON ,$131.00,Casula
2572,LAKESLAND,$131.00,Casula
2572,THIRLMERE,$131.00,Casula
2573,TAHMOOR,$131.00,Casula
2574,AVON,$93.50,Casula
2574,BARGO,$93.50,Casula
2574,PHEASANTS NEST,$93.50,Casula
2574,YANDERRA,$93.50,Casula
2575,AYLMERTON,$88.00,Casula
2575,COLO VALE,$88.00,Casula 
2575,HILLTOP (MITTAGONG),$88.00,Casula
2745,GLENMORE PARK ,$88.00,Casula
2745,GREENDALE ,$88.00,Casula
2745,LUDDENHAM,$88.00,Casula
2745,MULGOA,$88.00,Casula
2745,REGENTVILLE,$88.00,Casula
2745,WALLACIA,$88.00,Casula
2747,CADDENS,$88.00,Casula
2747,CAMBRIDGE GARDEN ,$88.00,Casula
2747,CAMBRIDGE PARK ,$88.00,Casula
2747,CLAREMONT MEADOWS,$88.00,Casula
2747,JORDAN SPRINGS,$88.00,Casula
2747,KINGSWOOD ,$88.00,Casula
2747,LLANDILO,$88.00,Casula
2747,SHANES PARK,$88.00,Casula
2747,WERRINGTON,$88.00,Casula
2747,WERRINGTON COUNTY,$88.00,Casula
2747,WERRINGTON DOWNS,$88.00,Casula
2748,ORCHARD HILLS,$131.00,Guildford
2749,CASTLEREAGH,$131.00,Guildford
2749,CASTLEREAGH UPPER,$131.00,Guildford
2749,CRANEBROOK,$131.00,Guildford
2750,EMU HTS,$131.00,Guildford
2750,EMU PLAINS,$88.00,Guildford
2750,JAMISONTOWN,$88.00,Guildford 
2750,LEMONGROVE,$88.00,Guildford 
2750,LEONAY,$88.00,Guildford 
2750,PENRITH,$131.00,Casula
2750,PENRITH PLAZA,$131.00,Casula
2750,PENRITH SOUTH,$131.00,Casula
2750,SOUTH PENRITH,$131.00,Casula
2751,PENRITH,$131.00,Casula
2752,SILVERDALE,$131.00,Casula
2752,WARRAGAMBA (SYDNEY),$131.00,Casula
2759,ERSKINE PARK ,$88.00,Guildford 
2759,ST CLAIR,$88.00,Guildford 
2760,COLYTON,$88.00,Guildford 
2760,DUNHEVED,$88.00,Guildford 
2760,NORTH ST MARYS,$88.00,Guildford 
2760,OXLEY PARK ,$88.00,Guildford 
2760,ROPES CROSSING,$88.00,Guildford 
2760,ST MARYS,$88.00,Guildford 
2760,ST MARYS EAST,$88.00,Guildford 
2760,ST MARYS SOUTH,$88.00,Guildford 
2761,COLEBEE,$88.00,Guildford
2761,DEAN PARK,$88.00,Guildford 
2761,GLENDENNING,$88.00,Guildford 
2761,HASSALL GROVE,$88.00,Guildford 
2761,OAKHURST,$88.00,Guildford 
2761,PLUMPTON,$88.00,Guildford 
2762,SCHOFIELDS,$131.00,Guildford 
2763,ACACIA GARDENS ,$77.00,Guildford 
2763,QUAKERS HILL,$88.00,Guildford 
2765,BERKSHIRE PARK,$131.00,Chullora
2765,BOX HILL (SYDNEY),$131.00,Chullora
2765,MARAYLYA,$131.00,Chullora
2765,MARSDEN PARK ,$131.00,Guildford 
2765,NELSON,$131.00,Guildford 
2765,OAKVILLE,$131.00,Guildford 
2765,RIVERSTONE,$131.00,Guildford 
2765,VINEYARD,$131.00,Guildford 
2766,EASTERN CREEK,$55.00,Guildford
2766,ROOTY HILL,$77.00,Guildford 
2767,BUNGARRIBEE,$77.00,Guildford 
2767,DOONSIDE,$77.00,Guildford 
2767,WOODCROFT,$77.00,Guildford 
2768,GLENWOOD,$88.00,Guildford
2768,PARKLEA,$77.00,Guildford 
2768,STANHOPE GARDENS ,$88.00,Guildford 
2769,THE PONDS,$88.00,Guildford 
2770,BIDWILL,$88.00,Guildford
2770,BLACKETT,$88.00,Guildford 
2770,DHARRUK,$88.00,Guildford 
2770,EMERTON,$88.00,Guildford 
2770,HEBERSHAM,$88.00,Guildford 
2770,LETHBRIDGE PARK,$88.00,Guildford 
2770,MINCHINBURY,$55.00,Guildford 
2770,MOUNT DRUITT,$88.00,Guildford 
2770,MOUNT DRUITT VILLAGE,$88.00,Guildford 
2770,SHALVEY,$88.00,Guildford 
2770,TREGEAR,$88.00,Guildford 
2770,WHALAN,$88.00,Guildford 
2770,WILLMOT,$88.00,Guildford 
